,json_Bias_think,Topic,Bias_think_topics
0,Possible biases in chatbot AI due to lack of diverse training data,1,Label: Biases in Chatbot Responses Due to Lack of Diverse Training Data
1,"User expresses frustration with the tool's implementation and maintenance, suggesting that it may introduce biases into the responses.",0,"Label: ""AI Bias Concerns"""
2,Possible biases in AI-powered chatbot's responses due to lack of diverse training data,1,Label: Biases in Chatbot Responses Due to Lack of Diverse Training Data
3,Concerns about potential biases in content creation,0,"Label: ""AI Bias Concerns"""
4,User expresses frustration at lack of basic features and desire for more advanced capabilities,5,Label: Advanced Feature Frustration
5,"Positive bias towards providing excellent customer support, leading to higher satisfaction rates.",4,Label: Excellent Customer Support Leading to Higher Satisfaction Rates
6,User mentions potential bias in the AI assistant's responses,0,"Label: ""AI Bias Concerns"""
7," Algorithms may unintentionally favor certain groups or perspectives,",6,Label: Algorithmic bias
8,User expresses concern about potential biases in the tool's responses,0,"Label: ""AI Bias Concerns"""
9,User expresses concern over potential biases in GenAI tool's responses,0,"Label: ""AI Bias Concerns"""
10," User expresses concern about potential biases in the bot's decision-making,",3,"Label: ""Potential Biases in AI Decision Making"""
11,User expresses concern about potential biases in pre-built entities' training,0,"Label: ""AI Bias Concerns"""
12,Natural language processing (NLP) algorithms may perpetuate biases present in training data,2,Label: Biased Machine Learning
13,Possible biases in chatbot responses due to lack of diverse training data,1,Label: Biases in Chatbot Responses Due to Lack of Diverse Training Data
14," User expresses concern about potential biases in the bot's decision-making,",3,"Label: ""Potential Biases in AI Decision Making"""
15,"User expresses concern about platform bugs and difficulty in debugging, potentially leading to biased responses",0,"Label: ""AI Bias Concerns"""
16,User expresses concern over chatbot providing wrong articles,7,Label: Concerns Over Chatbot Providing Wrong Articles
17,"There may be biases in the chatbot's decision-making processes, potentially leading to unfair outcomes.",1,Label: Biases in Chatbot Responses Due to Lack of Diverse Training Data
18," There may be biases in the tool's decision-making processes due to limited training data or algorithms,",2,Label: Biased Machine Learning
19,There is some concern about potential biases in the Ai's decision-making process,3,"Label: ""Potential Biases in AI Decision Making"""
20," There may be biases in the chatbot's responses due to limited training data,",1,Label: Biases in Chatbot Responses Due to Lack of Diverse Training Data
21,"There is a possibility of biased responses due to lack of diverse training data, potentially leading to inaccurate or unfair recommendations.",2,Label: Biased Machine Learning
