,CustomName,Representation,Count,Representative_Docs
0,Label: Chatbot Development and Integration,"['chatbot', 'chatbot development', 'development chatbot', 'development', 'development and', 'deployment', 'deployment chatbot', 'and deployment', 'and', 'integration chatbot']",155,"['Chatbot Development', 'Chatbot Development', 'Chatbot Development']"
1,Label: Customer Support,"['support customer', 'customer support', 'support', 'customer', 'support support', 'service support', 'customer service', 'service', 'support developer', 'developer support']",119,"['Customer Support', 'Customer Support', 'Customer Support']"
2,Label: Customer Service Inquiries,"['service customer', 'customer service', 'service', 'customer', 'inquiries customer', 'inquiries', 'customer inquiries', 'customer inquiry', 'customer enquiries', 'inquiry customer']",98,"['Customer Service', 'Customer Service', 'Customer Service']"
3,Label: Customer Engagement,"['customer', 'communication', 'communication customer', 'customer communication', 'and', 'customer engagement', 'engagement', 'engagement customer', 'client', 'operations']",87,"['Customer Communication', 'Customer Communication', 'Customer Communication']"
4,Label: Application Development and Testing,"['no', 'product', 'and', 'no detail', 'detail', 'development', 'management', 'processes', 'application', 'development and']",86,"['No detail', 'No detail', 'No detail']"
5,Label: NLP Website Management,"['website', 'management', 'language processing', 'language', 'natural language', 'natural', 'processing', 'visitor', 'engagement', 'website visitor']",63,"['Natural Language Processing', 'Natural Language Processing', "" The reviewer likes the platform for its ease of use, user-friendliness, and the developer team's dedication to providing daily tutorials and support. They also appreciate the platform's ability to integrate with various websites and customize triggers. However, they wish there were ways to export conversation data for further analysis.""]"
6,Label: Sales Lead Generation,"['sales', 'sales leads', 'leads', 'leads sales', 'process', 'sales process', 'the', 'process sales', 'is', 'identified']",41,"['Sales Leads', 'Sales Leads', 'Sales Leads']"
7,Label: Conversational Support,"['chat', 'chat support', 'live chat', 'live', 'support', 'website', 'website chat', 'conversational', 'support live', 'and agent']",35,"[' ""Live Chat Support"",', 'Live Chat Support', 'Live Chat Support']"
8,Label: Conversational Bot Development,"['bot', 'bot development', 'bot building', 'building', 'development bot', 'building bot', 'training', 'ai', 'conversational', 'conversational bot']",26,"['Bot Building', 'Bot Building', 'Bot Building']"
9,Label: Lead Generation and Qualification,"['lead', 'generation', 'lead generation', 'generation and', 'qualification', 'and', 'and qualification', 'generation lead', 'qualification lead', 'and lead']",22,"['Lead Generation and Qualification', 'Lead Generation and Qualification', 'Lead Generation and Qualification']"
